Workbook

Sheet H1
A1: Año | B1: Tramite | C1: Expediente Finalizado | D1: Fecha Finalización | E1: Destino Autorizado | F1: Expediente | G1: Expediente de Referencia | H1: Propietario | I1: Dirección | J1: Zona | K1: Colonia/Condominio | L1: Código de Inmueble | M1: Finca | N1: Folio | O1: Libro | P1: Fecha Ingreso | Q1: Planificador | R1: Ejecutor | S1: Inspector | T1: Revisó | U1: Gestor | V1: Observaciones | W1: Comentarios | X1: Nombre del Proyecto | Y1: Solicita | Z1: Licencia de Obra | AA1: Licencia de Suelo | AB1: Metros | AC1: Costo de Obra | AD1: Valor Licencia | AE1: Unidades Funcionales Existentes | AF1: Unidades Funcionales de Esta Licencia | AG1: Recibo Licencia Obra | AH1: Niveles | AI1: Fecha de Pago
A2: 2023 | B2: REGULARIZACION | C2: Sí | D2: 45662 | E2: VIVIENDA UNIFAMILIAR | F2: RPNL1-120223 | H2: LIMATUJ IXCARAGUA WOTZBELI EUGENIO | I2: 25 AVENIDA 3-64 LOTE 6 | J2: 1 | L2: 177389 | M2: 6694 | N2: 194 | O2: 34E | P2: 44980 | Q2: ARQ. EDERSON GIOVANI COTI HUITZ | R2: ARQ. EDERSON GIOVANI COTI HUITZ | S2: PAZ BENITEZ, NERY SANTIAGO | T2: IXCARAGUA BATZ, HUGO ALEJANDRO | W2: null | Y2: VIVIENDA BIFAMILIAR | Z2: L23-258-RL001 | AA2: LUS23-231-RL001 | AB2: 219.32 | AC2: 560952.5 | AD2: 2834.29 | AF2: 2 | AG2: 852682 | AH2: 2 | AI2: 45044
A3: 2023 | B3: REGULARIZACION | C3: Sí | D3: 45662 | E3: VIVIENDA UNIFAMILIAR | F3: RPNL1-120223 | H3: LIMATUJ IXCARAGUA WOTZBELI EUGENIO | I3: 25 AVENIDA 3-64 LOTE 6 | J3: 1 | L3: 177389 | M3: 6694 | N3: 194 | O3: 34E | P3: 44980 | Q3: ARQ. EDERSON GIOVANI COTI HUITZ | R3: ARQ. EDERSON GIOVANI COTI HUITZ | S3: PAZ BENITEZ, NERY SANTIAGO | T3: IXCARAGUA BATZ, HUGO ALEJANDRO | W3: null | Y3: VIVIENDA BIFAMILIAR | Z3: L23-258-RL001 | AA3: LUS23-231-RL001 | AB3: 219.32 | AC3: 560952.5 | AD3: 2834.29 | AF3: 2 | AG3: 852682 | AH3: 2 | AI3: 45044
A4: 2023 | B4: USO_DE_SUELO | C4: Sí | D4: 45662 | E4: MINI CANCHA SINTETICA | F4: USS1-020323 | H4: SUASNAVAR BOLAÑOS ANA MARIA N. Y CDUEÑOS | I4: CALLE D15-15 | J4: 1 | L4: 190573 | M4: 6659 | N4: 159 | O4: 114E | P4: 44998 | Q4: ING. MARIO RENE FLORES | S4: LILY G. | T4: IXCARAGUA BATZ, HUGO ALEJANDRO | V4: FECHA DE PAGO 17/05/2023 RECIBO 001372-E | W4: null | Y4: COLEGIO LICEO ITALIANO TRILINGUE | AA4: LUS23-219-MP030 | AB4: 163.87
A5: 2023 | B5: LICENCIA_DE_CONSTRUCCION | C5: Sí | D5: 45662 | E5: VIVIENDA UNIFAMILIAR | F5: VUNG5-010223 | H5: GONZALEZ MENDEZ JOSUE MANUEL | I5: 16 CALLE 10A-40 LOTE 10 MZ G | J5: 5 | K5: VISTALVALLE | L5: 202824 | M5: 7901 | N5: 401 | O5: 356E | P5: 44985 | Q5: ING. FRANCISCO ARNOLDO SAC ESCOBAR | R5: ING. FRANCISCO ARNOLDO SAC ESCOBAR | S5: LILY G. | T5: NADIE | W5: null | Y5: VIVIENDA UNIFAMILIAR | Z5: L23-261-JM76 | AA5: LUS23-235-JM76 | AB5: 262.13 | AC5: 708035 | AD5: 3768.81 | AF5: 1 | AG5: 003479-E | AH5: 2 | AI5: 45071
A6: 2022 | B6: MOVIMIENTO_DE_TIERRA | C6: Sí | D6: 45662 | E6: MOVIMIENTO DE TIERRA | F6: MVNS12-021222 | H6: SERRANO ESTER BETZABE LIMA DE | I6: 12 AVENIDA 6-19 LOTE 1A SECTOR 2 | J6: 12 | K6: NUEVA CIUDAD DE LOS ALTOS 2 | L6: 188044 | M6: 9579 | N6: 79 | O6: 40E | P6: 44909 | Q6: ARQ. SINDI CRISTAL COJULUN TOSCANO | R6: ARQ. SINDI CRISTAL COJULUN TOSCANO | S6: RIVERA MOIR, NATALIE STEPHANIA | T6: NADIE | W6: null | Y6: MOVIMIENTO DE TIERRA | Z6: L23-003-NR116 | AB6: 206.4 | AC6: 20640 | AD6: 206.4 | AG6: 914815 | AI6: 44932
A7: 2023 | B7: REGULARIZACION | C7: Sí | D7: 45662 | E7: VIVIENDA UNIFAMILIAR | F7: RPNL1-120223 | H7: LIMATUJ IXCARAGUA WOTZBELI EUGENIO | I7: 25 AVENIDA 3-64 LOTE 6 | J7: 1 | L7: 177389 | M7: 6694 | N7: 194 | O7: 34E | P7: 44980 | Q7: ARQ. EDERSON GIOVANI COTI HUITZ | R7: ARQ. EDERSON GIOVANI COTI HUITZ | S7: PAZ BENITEZ, NERY SANTIAGO | T7: IXCARAGUA BATZ, HUGO ALEJANDRO | W7: null | Y7: VIVIENDA BIFAMILIAR | Z7: L23-258-RL001 | AA7: LUS23-231-RL001 | AB7: 219.32 | AC7: 560952.5 | AD7: 2834.29 | AF7: 2 | AG7: 852682 | AH7: 2 | AI7: 45044
A19: Generar Detalle | B19: Año | C19: Tramite | D19: Expediente Finalizado | E19: Fecha Finalización | F19: Destino Autorizado | G19: Expediente | H19: Expediente de Referencia | I19: Propietario | J19: Dirección | K19: Zona | L19: Colonia/Condominio | M19: Código de Inmueble | N19: Finca | O19: Folio | P19: Libro | Q19: Fecha Ingreso | R19: Planificador | S19: Ejecutor | T19: Inspector | U19: Revisó | V19: Gestor | W19: Observaciones | X19: Comentarios | Y19: Nombre del Proyecto | Z19: Solicita | AA19: Licencia de Obra | AB19: Licencia de Suelo | AC19: Metros | AD19: Costo de Obra | AE19: Valor Licencia | AF19: Unidades Funcionales Existentes | AG19: Unidades Funcionales de Esta Licencia | AH19: Recibo Licencia Obra | AI19: Niveles | AJ19: Fecha de Pago
B20: 2023 | C20: REGULARIZACION | D20: Sí | E20: 45662 | F20: VIVIENDA UNIFAMILIAR | G20: RPNL1-120223 | I20: LIMATUJ IXCARAGUA WOTZBELI EUGENIO | J20: 25 AVENIDA 3-64 LOTE 6 | K20: 1 | M20: 177389 | N20: 6694 | O20: 194 | P20: 34E | Q20: 44980 | R20: ARQ. EDERSON GIOVANI COTI HUITZ | S20: ARQ. EDERSON GIOVANI COTI HUITZ | T20: PAZ BENITEZ, NERY SANTIAGO | U20: IXCARAGUA BATZ, HUGO ALEJANDRO | X20: null | Z20: VIVIENDA BIFAMILIAR | AA20: L23-258-RL001 | AB20: LUS23-231-RL001 | AC20: 219.32 | AD20: 560952.5 | AE20: 2834.29 | AG20: 2 | AH20: 852682 | AI20: 2 | AJ20: 45044
A26: Año | B26: Tramite | C26: Expediente Finalizado | D26: Fecha Finalización | E26: Destino Autorizado | F26: Expediente | G26: Expediente de Referencia | H26: Propietario | I26: Dirección | J26: Zona | K26: Colonia/Condominio | L26: Código de Inmueble | M26: Finca | N26: Folio | O26: Libro | P26: Fecha Ingreso | Q26: Planificador | R26: Ejecutor | S26: Inspector | T26: Revisó | U26: Gestor | V26: Observaciones | W26: Comentarios | X26: Nombre del Proyecto | Y26: Solicita | Z26: Licencia de Obra | AA26: Licencia de Suelo | AB26: Metros | AC26: Costo de Obra | AD26: Valor Licencia | AE26: Unidades Funcionales Existentes | AF26: Unidades Funcionales de Esta Licencia | AG26: Recibo Licencia Obra | AH26: Niveles | AI26: Fecha de Pago
B27: 2023 | C27: REGULARIZACION | D27: Sí | E27: 45662 | F27: VIVIENDA UNIFAMILIAR | G27: RPNL1-120223 | I27: LIMATUJ IXCARAGUA WOTZBELI EUGENIO | J27: 25 AVENIDA 3-64 LOTE 6 | K27: 1 | M27: 177389 | N27: 6694 | O27: 194 | P27: 34E | Q27: 44980 | R27: ARQ. EDERSON GIOVANI COTI HUITZ | S27: ARQ. EDERSON GIOVANI COTI HUITZ | T27: PAZ BENITEZ, NERY SANTIAGO | U27: IXCARAGUA BATZ, HUGO ALEJANDRO | X27: null | Z27: VIVIENDA BIFAMILIAR | AA27: L23-258-RL001 | AB27: LUS23-231-RL001 | AC27: 219.32 | AD27: 560952.5 | AE27: 2834.29 | AG27: 2 | AH27: 852682 | AI27: 2 | AJ27: 45044
B29: Año | C29: Tramite | D29: Expediente Finalizado | E29: Fecha Finalización | F29: Destino Autorizado | G29: Expediente | H29: Expediente de Referencia | I29: Propietario | J29: Dirección | K29: Zona | L29: Colonia/Condominio | M29: Código de Inmueble | N29: Finca | O29: Folio | P29: Libro | Q29: Fecha Ingreso | R29: Planificador | S29: Ejecutor | T29: Inspector | U29: Revisó | V29: Gestor | W29: Observaciones | X29: Comentarios | Y29: Nombre del Proyecto | Z29: Solicita | AA29: Licencia de Obra | AB29: Licencia de Suelo | AC29: Metros | AD29: Costo de Obra | AE29: Valor Licencia | AF29: Unidades Funcionales Existentes | AG29: Unidades Funcionales de Esta Licencia | AH29: Recibo Licencia Obra | AI29: Niveles | AJ29: Fecha de Pago
C30: 2023 | D30: REGULARIZACION | E30: Sí | F30: 45662 | G30: VIVIENDA UNIFAMILIAR | H30: RPNL1-120223 | J30: LIMATUJ IXCARAGUA WOTZBELI EUGENIO | K30: 25 AVENIDA 3-64 LOTE 6 | L30: 1 | N30: 177389 | O30: 6694 | P30: 194 | Q30: 34E | R30: 44980 | S30: ARQ. EDERSON GIOVANI COTI HUITZ | T30: ARQ. EDERSON GIOVANI COTI HUITZ | U30: PAZ BENITEZ, NERY SANTIAGO | V30: IXCARAGUA BATZ, HUGO ALEJANDRO | Y30: null | AA30: VIVIENDA BIFAMILIAR | AB30: L23-258-RL001 | AC30: LUS23-231-RL001 | AD30: 219.32 | AE30: 560952.5 | AF30: 2834.29 | AH30: 2 | AI30: 852682 | AJ30: 2 | AK30: 45044

Sheet H2
A1: LICENCIA | B1: EXPEDIENTE | C1: PROPIETARIO | D1: DIRECCION DEL INMUEBLE | E1: DIRECCION PARA NOTIFICAR | F1: FINCA | G1: FOLIO | H1: LIBRO | I1: CODIGO MUNICIPAL | J1: AREA DEL PREDIO | K1: MATRICULA MUNICIPAL | L1: PLANIFICADOR | M1: ING | N1: ARQ | O1: COLEGIADO | P1: EJECUTOR | Q1: ING | R1: ARQ | S1: COLEGIADO | T1: GESTOR | U1: DPI | V1: DESTINO DE LA OBRA | W1: CARACTERISTICAS 1 | X1: CARACTERISTICAS 2 | Y1: MURO | Z1: UNIDADES FUNCIONALES | AA1: MODULO DE GRADAS | AB1: AREA A CONSTRUIR | AC1: NIVELES | AD1: SOTANO | AE1: AREA RESIDENCIAL | AF1: AREA NO RESIDENCIAL | AG1: AREA PERMEABLE | AH1: APORTE URBANISTICO | AI1: SI | AJ1: NO | AK1: SUELO | AL1: SUELO ESPECIAL | AM1: EEMQ | AN1: EMAX | AO1: DRENAJES | AP1: DICTAMEN | AQ1: DE | AR1: ALINEACION | AS1: CESION DE AREA | AT1: EXPEDIENTE | AU1: PROPIETARIO | AV1: PAGO DE LICENCIA | AW1: RECIBO | AX1: PAGO DE ALINEACION | AY1: RECIBO | AZ1: TIPO DE LICENCIA | BA1: NUMERO DE LICENCIA | BB1: NUMERO DE SUPERVISIONES | BC1: FECHA DE PAGO | BD1: VENCE | BE1: COSTO DE OBRA | BF1: LICENCIA DE USO DE SUELO | BG1: RESOLUCION DEL MARN | BH1: USO RESIDENCIAL | BI1: USO ORDINARIO | BJ1: USO CONDICIONADO | BK1: CLASIFICACION DE USO | BL1: PAGO USO DE SUELO | BM1: RECIBO | BN1: FECHA DE VENCIMIENTO
A2: ='H1'!Z2 -> L23-258-RL001 | B2: ='H1'!F2 -> RPNL1-120223 | C2: =IF( OR(ISNUMBER(SEARCH("Y CDUEÑOS",'H1'!H2)),ISNUMBER(SEARCH("Y CONDUEÑOS",'H1'!H2))), TRIM( SUBSTITUTE( SUBSTITUTE( MID('H1'!H2,SEARCH(" ",'H1'!H2,SEARCH(" ",'H1'!H2)+1)+1,999)&" "&LEFT('H1'!H2,SEARCH(" ",'H1'!H2,SEARCH(" ",'H1'!H2)+1)-1), "Y CDUEÑOS ",""), "Y CONDUEÑOS ","") &" "&IF(ISNUMBER(SEARCH("Y CDUEÑOS",'H1'!H2)),"Y CDUEÑOS","Y CONDUEÑOS") ), TRIM(MID('H1'!H2,SEARCH(" ",'H1'!H2,SEARCH(" ",'H1'!H2)+1)+1,999)&" "&LEFT('H1'!H2,SEARCH(" ",'H1'!H2,SEARCH(" ",'H1'!H2)+1)-1)) ) -> WOTZBELI EUGENIO LIMATUJ IXCARAGUA | D2: ='H1'!I2&IF(ISNUMBER('H1'!J2)," ZONA "&'H1'!J2,"") -> 25 AVENIDA 3-64 LOTE 6 ZONA 1 | E2: =D2 -> 25 AVENIDA 3-64 LOTE 6 ZONA 1 | F2: ='H1'!M2 -> 6694 | G2: ='H1'!N2 -> 194 | H2: ='H1'!O2 -> 34E | I2: ='H1'!L2 -> 177389 | L2: =TRIM(SUBSTITUTE(SUBSTITUTE('H1'!Q2,"ARQ.",""),"ING.","")) -> EDERSON GIOVANI COTI HUITZ | M2: X | N2: =IF(M2="X","-","") -> - | P2: =L2 -> EDERSON GIOVANI COTI HUITZ | Q2: =M2 -> X | R2: =N2 -> - | S2: =O2 -> 0 | V2: ='H1'!E2 -> VIVIENDA UNIFAMILIAR | Z2: ='H1'!AF2 -> 2 | AB2: ='H1'!AB2 -> 219.32 | AC2: ='H1'!AH2 -> 2 | AT2: ='H1'!F2 -> RPNL1-120223 | AU2: =C2 -> WOTZBELI EUGENIO LIMATUJ IXCARAGUA | AV2: ='H1'!AD2 -> 2834.29 | AW2: ='H1'!AG2 -> 852682 | BA2: ='H1'!Z2 -> L23-258-RL001 | BC2: ='H1'!AI2 -> 45044 | BE2: ='H1'!AC2 -> 560952.5 | BF2: ='H1'!AA2 -> LUS23-231-RL001
C3: =IF( OR(ISNUMBER(SEARCH("Y CDUEÑOS",'H1'!H3)),ISNUMBER(SEARCH("Y CONDUEÑOS",'H1'!H3))), TRIM( SUBSTITUTE( SUBSTITUTE( MID('H1'!H3,SEARCH(" ",'H1'!H3,SEARCH(" ",'H1'!H3)+1)+1,999)&" "&LEFT('H1'!H3,SEARCH(" ",'H1'!H3,SEARCH(" ",'H1'!H3)+1)-1), "Y CDUEÑOS ",""), "Y CONDUEÑOS ","") &" "&IF(ISNUMBER(SEARCH("Y CDUEÑOS",'H1'!H3)),"Y CDUEÑOS","Y CONDUEÑOS") ), TRIM(MID('H1'!H3,SEARCH(" ",'H1'!H3,SEARCH(" ",'H1'!H3)+1)+1,999)&" "&LEFT('H1'!H3,SEARCH(" ",'H1'!H3,SEARCH(" ",'H1'!H3)+1)-1)) ) -> WOTZBELI EUGENIO LIMATUJ IXCARAGUA
C4: =IF( OR(ISNUMBER(SEARCH("Y CDUEÑOS",'H1'!H4)),ISNUMBER(SEARCH("Y CONDUEÑOS",'H1'!H4))), TRIM( SUBSTITUTE( SUBSTITUTE( MID('H1'!H4,SEARCH(" ",'H1'!H4,SEARCH(" ",'H1'!H4)+1)+1,999)&" "&LEFT('H1'!H4,SEARCH(" ",'H1'!H4,SEARCH(" ",'H1'!H4)+1)-1), "Y CDUEÑOS ",""), "Y CONDUEÑOS ","") &" "&IF(ISNUMBER(SEARCH("Y CDUEÑOS",'H1'!H4)),"Y CDUEÑOS","Y CONDUEÑOS") ), TRIM(MID('H1'!H4,SEARCH(" ",'H1'!H4,SEARCH(" ",'H1'!H4)+1)+1,999)&" "&LEFT('H1'!H4,SEARCH(" ",'H1'!H4,SEARCH(" ",'H1'!H4)+1)-1)) ) -> ANA MARIA N. SUASNAVAR BOLAÑOS Y CDUEÑOS
C5: =IF( OR(ISNUMBER(SEARCH("Y CDUEÑOS",'H1'!H5)),ISNUMBER(SEARCH("Y CONDUEÑOS",'H1'!H5))), TRIM( SUBSTITUTE( SUBSTITUTE( MID('H1'!H5,SEARCH(" ",'H1'!H5,SEARCH(" ",'H1'!H5)+1)+1,999)&" "&LEFT('H1'!H5,SEARCH(" ",'H1'!H5,SEARCH(" ",'H1'!H5)+1)-1), "Y CDUEÑOS ",""), "Y CONDUEÑOS ","") &" "&IF(ISNUMBER(SEARCH("Y CDUEÑOS",'H1'!H5)),"Y CDUEÑOS","Y CONDUEÑOS") ), TRIM(MID('H1'!H5,SEARCH(" ",'H1'!H5,SEARCH(" ",'H1'!H5)+1)+1,999)&" "&LEFT('H1'!H5,SEARCH(" ",'H1'!H5,SEARCH(" ",'H1'!H5)+1)-1)) ) -> JOSUE MANUEL GONZALEZ MENDEZ
C6: =IF( OR(ISNUMBER(SEARCH("Y CDUEÑOS",'H1'!H6)),ISNUMBER(SEARCH("Y CONDUEÑOS",'H1'!H6))), TRIM( SUBSTITUTE( SUBSTITUTE( MID('H1'!H6,SEARCH(" ",'H1'!H6,SEARCH(" ",'H1'!H6)+1)+1,999)&" "&LEFT('H1'!H6,SEARCH(" ",'H1'!H6,SEARCH(" ",'H1'!H6)+1)-1), "Y CDUEÑOS ",""), "Y CONDUEÑOS ","") &" "&IF(ISNUMBER(SEARCH("Y CDUEÑOS",'H1'!H6)),"Y CDUEÑOS","Y CONDUEÑOS") ), TRIM(MID('H1'!H6,SEARCH(" ",'H1'!H6,SEARCH(" ",'H1'!H6)+1)+1,999)&" "&LEFT('H1'!H6,SEARCH(" ",'H1'!H6,SEARCH(" ",'H1'!H6)+1)-1)) ) -> BETZABE LIMA DE SERRANO ESTER
C7: =TRIM(MID('H1'!H7,SEARCH(" ",'H1'!H7,SEARCH(" ",'H1'!H7)+1)+1,999)&" "&LEFT('H1'!H7,SEARCH(" ",'H1'!H7,SEARCH(" ",'H1'!H7)+1)-1)) -> WOTZBELI EUGENIO LIMATUJ IXCARAGUA
