Workbook

Sheet Hoja1
A1: FECHA INSPECCIÓN | B1: ESTADO | C1: RAZON/FECHA_ENTREGA | D1: TRAMITE REQUERIDO | E1: DEPENDENCIA | F1: EXPENDIENTE | G1: FECHA INGRESO | H1: NOMBRE DEL PROPIETARIO | I1: DPI | J1: DIRECCIÓN | K1: ZONA | L1: COLONIA/CONDOMINIO | M1: CODIGO DEL INMUEBLE | N1: FECHA DE INSPECCIÓN | O1: INSPECTOR | P1: HORA INSPECCIÓN | Q1: LOCALIZACÍON GOOGLE MAPS | R1: LOCALIZACIÓN QGIS | S1: USO DE SUELO | T1: PROCESO? | U1: DOCUMENTO/TRAMITE CREADO | V1: EXPENDIENTE ENTREGADO | W1: ESTADO 1 | X1: FECHA DE ENTREGA | Y1: ESTADO 2 | Z1: FECHA DE ESTADO 1 | AB1: FINCA | AC1: FOLIO | AD1: LIBRO | AE1: AMBIENTE | AF1: USO DE SUELO | AG1: AREA DEL TERRNO | AH1: FRENTE COMPLETO DEL TERRENO | AI1: AREA TOTAL DE CONSTRUCCIÓN | AJ1: AREA PERMEABLE CALCULADO | AK1: ALTURA TOTAL DEL EDIFICIOO | AL1: NOMBRE DEL TRAMITE | AM1: EXPEDIENTE DE REFERENCIA
A3: 46147 | B3: ENTREGADO | D3: PROVIDENCIA | E3: CATASTRO | F3: R-03-0023-2026 | G3: 46071 | H3: LAM, LUZ MARIA DEL ROSARIO MIGUEZ AGUILAR DE | Q3: 14.845118666556194, -91.51761309314378 | R3: 390496.52,1641771.63 | S3: URB-Q1 | T3: INFORME AL VECINO PARA RESOLUCIÓN DEL MEDIO AMBIENTE | U3: INFORME A VECINO | V3: =F3 -> R-03-0023-2026 | W3: =B3 -> ENTREGADO | X3: =IF(C3="","",C3) | Y3: Se entrego informe al vecino y se devuelve al inspector, en espera de correcciones o documentos. | Z3: 46181 | AL3: INFORME EXTERNO | AM3: R-03-0023-2026
A4: 46170 | B4: PENDIENTE | D4: REGULARIZACIÓN | E4: CONTROL DE OBRAS | F4: RPNR10-5110526 | G4: 46168 | H4: RODAS SOTO, OSCAR ARTURO | J4: AVENIDA LAS AMERICAS C9A-30 | K4: 10 | M4: 206541 | N4: =A4 -> 46170 | O4: MARLON IVAN CARRETO RIVERA | P4: 0.4375 | Q4: 14.831360171677817, -91.53635364330418 | R4: 388494.06,1640251.77 | S4: URB-Q5 | T4: PENDIENTE TRAER LA RESOLUCIÓN DEL MEDIO AMBIENTE DE BODEGA | U4: NO CREADO-- | W4: =B4 -> PENDIENTE | X4: =IF(C4="","",C4)
A5: 46178 | B5: PENDIENTE | D5: PROVIDENCIA | E5: CATASTRO | F5: I-05-0232-2026 | G5: 46093 | H5: DE LEÓN YANI, EDWIN HAROLDO | I5: 2234994040901 | K5: 5 | M5: 152282 | N5: =A5 -> 46178 | O5: MARLON IVAN CARRETO RIVERA | P5: 0.4375 | Q5: 14.841108227815925, -91.50194949024149 | R5: 392178.589,1641316.387 | S5: URB-Q6 | T5: PENDIENTE TRAER LA RESOLUCIÓN DEL MEDIO AMBIENTE PORQUE ES COMERCIO | U5: NO CREADO-- | W5: =B5 -> PENDIENTE | X5: =IF(C5="","",C5) | AL5: REGULARIZACIÓN | AM5: =F5 -> I-05-0232-2026
A6: FECHA INSPECCIÓN | B6: ESTADO | C6: RAZON/FECHA_ENTREGA | D6: TRAMITE REQUERIDO | E6: DEPENDENCIA | F6: EXPENDIENTE | G6: FECHA INGRESO | H6: NOMBRE DEL PROPIETARIO | I6: DPI | J6: DIRECCIÓN | K6: ZONA | L6: COLONIA/CONDOMINIO | M6: CODIGO DEL INMUEBLE | N6: FECHA DE INSPECCIÓN | O6: INSPECTOR | P6: HORA INSPECCIÓN | Q6: LOCALIZACÍON GOOGLE MAPS | R6: LOCALIZACIÓN QGIS | S6: USO DE SUELO | T6: PROCESO? | U6: DOCUMENTO/TRAMITE CREADO | V6: EXPENDIENTE ENTREGADO | W6: ESTADO 1 | X6: FECHA DE ENTREGA | Y6: ESTADO 2 | Z6: FECHA DE ESTADO 1 | AB6: FINCA | AC6: FOLIO | AD6: LIBRO | AE6: AMBIENTE | AF6: USO DE SUELO | AG6: AREA DEL TERRNO | AH6: FRENTE COMPLETO DEL TERRENO | AI6: AREA TOTAL DE CONSTRUCCIÓN | AJ6: AREA PERMEABLE CALCULADO | AK6: ALTURA TOTAL DEL EDIFICIOO | AL6: NOMBRE DEL TRAMITE | AM6: EXPEDIENTE DE REFERENCIA
A7: 46182 | B7: ENTREGADO | E7: CONTROL DE OBRAS | F7: ANTND10-1500626 | G7: 46181 | H7: DIAZ MENCHO, ARTEMIO | I7: 3903403590909 | J7: CALLEJON 10 8A 0-19 | K7: 10 | M7: 181633 | N7: =A7 -> 46182 | O7: MARLON IVAN CARRETO RIVERA | P7: 0.33333333 | Q7: 14.841423818117587, -91.54688431633943 | R7: 387343.201,1641371.953 | S7: URB-Q5 | T7: INFORME EXTERNO A VECINO PARA RESOLUCION MEDIO AMBIENTE POR COMERCIO | U7: INFORME EXTERNO | V7: =F7 -> ANTND10-1500626 | W7: =B7 -> ENTREGADO | X7: =IF(C7="","",C7) | AB7: 4856 | AC7: 356 | AD7: 70E
A8: 46182 | B8: PENDIENTE | D8: PROVIDENCIA | E8: CATASTRO | F8: I-13-1172-2022 | G8: 46066 | H8: MORALES RIVERA, MANOLO | I8: 2102628180901 | J8: CANTON CHICHIGUITAN | K8: RUR | M8: PENDIENTE | N8: =A8 -> 46182 | O8: MARLON IVAN CARRETO RIVERA | P8: 0.38541667 | Q8: 14.837787849990018, -91.47714061216284 | R8: 394850.83,1640942.24 | S8: RUR-CP | T8: REGULARIZACÓN | U8: SE CREO RP | V8: RPNMR-5760626 | W8: =B8 -> PENDIENTE | X8: =IF(C8="","",C8) | AA8: VIVIENDA UNIFAMILIAR | AB8: 3776 | AC8: 276 | AD8: 228E | AF8: =S8 -> RUR-CP | AG8: 120 | AH8: 23 | AI8: 232.22 | AJ8: 7.78 | AK8: 5.2
A9: 46182 | B9: PENDIENTE | E9: CONTROL DE OBRAS | F9: DMNG5-100626 | G9: 46181 | H9: GOMEZ, SHIRLY MARITZABETH VILLAGRAN AGUILAR DE | I9: 2294273590901 | J9: 5 AV. 1-23 | K9: 5 | L9: COLINIA MOLINA | M9: 10372 | N9: =A9 -> 46182 | O9: MARLON IVAN CARRETO RIVERA | P9: 0.4375 | Q9: 14.837371978187736, -91.5041249125388 | R9: 391941.290,1640899.306 | S9: URB-Q5 | T9: DEMOLICIÓN | U9: NO | V9: =F9 -> DMNG5-100626 | W9: =B9 -> PENDIENTE | X9: =IF(C9="","",C9) | AA9: VIVIENDA UNIFAMILIAR | AB9: 68334 | AC9: 61 | AD9: 325 | AE9: 0070-2025/DCN/FACS/msgg | AG9: 205 | AH9: 30.2 | AI9: 113.81 | AJ9: 91.19 | AK9: 2.6
A10: FECHA INSPECCIÓN | B10: ESTADO | C10: RAZON/FECHA_ENTREGA | D10: TRAMITE REQUERIDO | E10: DEPENDENCIA | F10: EXPENDIENTE | G10: FECHA INGRESO | H10: NOMBRE DEL PROPIETARIO | I10: DPI | J10: DIRECCIÓN | K10: ZONA | L10: COLONIA/CONDOMINIO | M10: CODIGO DEL INMUEBLE | N10: FECHA DE INSPECCIÓN | O10: INSPECTOR | P10: HORA INSPECCIÓN | Q10: LOCALIZACÍON GOOGLE MAPS | R10: LOCALIZACIÓN QGIS | S10: USO DE SUELO | T10: PROCESO? | U10: DOCUMENTO/TRAMITE CREADO | V10: EXPENDIENTE ENTREGADO | W10: ESTADO 1 | X10: FECHA DE ENTREGA | Y10: ESTADO 2 | Z10: FECHA DE ESTADO 1 | AB10: FINCA | AC10: FOLIO | AD10: LIBRO | AE10: AMBIENTE | AF10: USO DE SUELO | AG10: AREA DEL TERRNO | AH10: FRENTE COMPLETO DEL TERRENO | AI10: AREA TOTAL DE CONSTRUCCIÓN | AJ10: AREA PERMEABLE CALCULADO | AK10: ALTURA TOTAL DEL EDIFICIOO | AL10: NOMBRE DEL TRAMITE | AM10: EXPEDIENTE DE REFERENCIA
A11: 46184 | B11: PENDIENTE | D11: REGULARIZACIÓN | E11: CONTROL DE OBRAS | F11: RPNG6-5990626 | G11: 46183 | H11: GRAVE HERNANDEZ, GENARO | I11: 2540432911404 | J11: DIAGONAL 10, C14-82 | K11: 6 | M11: 188947 | N11: =A11 -> 46184 | O11: MARLON IVAN CARRETO RIVERA | P11: 0.38541667 | Q11: 14.863927659656785, -91.50187963956097 | R11: 392196.72,1643850.45 | S11: URB-Q5 | W11: =B11 -> PENDIENTE | X11: =IF(C11="","",C11) | AB11: 307144 | AC11: 134 | AD11: 741
A12: 46184 | B12: PENDIENTE | D12: REGULARIZACIÓN | E12: CONTROL DE OBRAS | F12: RPNP8-5980626 | G12: 46183 | H12: PEREZ UTUY, MIGUEL JOSE | I12: 1967538480901 | J12: 4 CALLE 38-79A | K12: 8 | M12: 171734 | N12: =A12 -> 46184 | O12: MARLON IVAN CARRETO RIVERA | P12: 0.38541667 | Q12: 14.868798842234774, -91.54177172665082 | R12: 387906.542,1644375.644 | S12: URB-Q4 | W12: =B12 -> PENDIENTE | X12: =IF(C12="","",C12) | AA12: VIVIENDA UNIFAMILIAR | AB12: 251828 | AC12: 98 | AD12: 560 | AF12: URBANO Q4 (URB-Q4) | AG12: 109 | AH12: 5.22 | AI12: 159.73 | AJ12: 6.95 | AK12: 5.2
A13: FECHA INSPECCIÓN | B13: ESTADO | C13: RAZON/FECHA_ENTREGA | D13: TRAMITE REQUERIDO | E13: DEPENDENCIA | F13: EXPENDIENTE | G13: FECHA INGRESO | H13: NOMBRE DEL PROPIETARIO | I13: DPI | J13: DIRECCIÓN | K13: ZONA | L13: COLONIA/CONDOMINIO | M13: CODIGO DEL INMUEBLE | N13: FECHA DE INSPECCIÓN | O13: INSPECTOR | P13: HORA INSPECCIÓN | Q13: LOCALIZACÍON GOOGLE MAPS | R13: LOCALIZACIÓN QGIS | S13: USO DE SUELO | T13: PROCESO? | U13: DOCUMENTO/TRAMITE CREADO | V13: EXPENDIENTE ENTREGADO | W13: ESTADO 1 | X13: FECHA DE ENTREGA | Y13: ESTADO 2 | Z13: FECHA DE ESTADO 1 | AB13: FINCA | AC13: FOLIO | AD13: LIBRO | AE13: AMBIENTE | AF13: USO DE SUELO | AG13: AREA DEL TERRNO | AH13: FRENTE COMPLETO DEL TERRENO | AI13: AREA TOTAL DE CONSTRUCCIÓN | AJ13: AREA PERMEABLE CALCULADO | AK13: ALTURA TOTAL DEL EDIFICIOO | AL13: NOMBRE DEL TRAMITE | AM13: EXPEDIENTE DE REFERENCIA
A14: 46188 | B14: ENTREGADO | D14: PROVIDENCIA | E14: IUSI | F14: A-RCA70-0707-2025 | G14: 45912 | H14: MORALES HERNÁNDEZ, WILLIAM AMADO | I14: 1774748150916 | J14: CHICHIGUITAN | K14: RUR | L14: CIUDAD VERDE | M14: 203047 | N14: 46188 | O14: MARLON IVAN CARRETO RIVERA | P14: 0.33333333 | Q14: 14.831378267968802, -91.48133573896988 | R14: 394389.33,1640247.00 | S14: ESP | T14: INFORME EXTERNO A IUSI, ACTUALIZACIÓN DE AREA | V14: =F14 -> A-RCA70-0707-2025 | W14: =B14 -> ENTREGADO | X14: =IF(C14="","",C14) | AB14: 5394 | AC14: 394 | AD14: 352E
A15: 46188 | B15: ENTREGADO | D15: PROVIDENCIA | E15: IUSI | F15: A-RCA70-0671-2025 | G15: 45912 | H15: CHAJCHALAC CITALÁN, MARLYN MAYARY | I15: 2576336500901 | J15: CHICHIGUITAN | K15: RUR | L15: CIUDAD VERDE | N15: =A15 -> 46188 | O15: MARLON IVAN CARRETO RIVERA | P15: 0.38541667 | Q15: 14.831227951677848, -91.4814765318952 | R15: 394389.33,1640247.00 | S15: ESP | T15: INFORME EXTERNO A IUSI, ACTUALIZACIÓN DE AREA | V15: =F15 -> A-RCA70-0671-2025 | W15: =B15 -> ENTREGADO | X15: =IF(C15="","",C15) | AB15: 5492 | AC15: 492 | AD15: 351E
A16: 46188 | B16: ENTREGADO | D16: PROVIDENCIA | E16: IUSI | F16: A-RCA70-0819-2025 | G16: 45912 | H16: CARRILLO BATEN, ERVIN BENJAMÍN | I16: 1758254081330 | J16: CHICHIGUITAN | K16: RUR | L16: CIUDAD VERDE | N16: =A16 -> 46188 | O16: MARLON IVAN CARRETO RIVERA | P16: 0.4375 | Q16: 14.831633389178894, -91.48136387442125 | R16: 394389.33,1640247.00 | S16: ESP | T16: INFORME EXTERNO A IUSI, ACTUALIZACIÓN DE AREA | V16: =F16 -> A-RCA70-0819-2025 | W16: =B16 -> ENTREGADO | X16: =IF(C16="","",C16) | AB16: 5498 | AC16: 498 | AD16: 351E
A17: 46163 | B17: ENTREGADO | D17: PROVIDENCIA | E17: JAM | F17: JAM-J-570-2026 | G17: 46163 | H17: CAJAS ITZEP, RAFAEL SALVADOR | I17: 2124184670901 | J17: 8 AVENIDA 0-10 | K17: 1 | M17: 7090 | N17: 46135 | O17: MARLON VIAN CARRETO RIVERA | T17: INFORME A JAM, POR REGULARIZACIÓN Y LICENCIA | V17: =F17 -> JAM-J-570-2026 | W17: =B17 -> ENTREGADO | X17: =IF(C17="","",C17) | AB17: 79703 | AC17: 243 | AD17: 649 | AL17: OFICIO EXTERNO A JAM | AM17: JAM-J-570-2026
A18: FECHA INSPECCIÓN | B18: ESTADO | C18: RAZON/FECHA_ENTREGA | D18: TRAMITE REQUERIDO | E18: DEPENDENCIA | F18: EXPENDIENTE | G18: FECHA INGRESO | H18: NOMBRE DEL PROPIETARIO | I18: DPI | J18: DIRECCIÓN | K18: ZONA | L18: COLONIA/CONDOMINIO | M18: CODIGO DEL INMUEBLE | N18: FECHA DE INSPECCIÓN | O18: INSPECTOR | P18: HORA INSPECCIÓN | Q18: LOCALIZACÍON GOOGLE MAPS | R18: LOCALIZACIÓN QGIS | S18: USO DE SUELO | T18: PROCESO? | U18: DOCUMENTO/TRAMITE CREADO | V18: EXPENDIENTE ENTREGADO | W18: ESTADO 1 | X18: FECHA DE ENTREGA | Y18: ESTADO 2 | Z18: FECHA DE ESTADO 1 | AB18: FINCA | AC18: FOLIO | AD18: LIBRO | AE18: AMBIENTE | AF18: USO DE SUELO | AG18: AREA DEL TERRNO | AH18: FRENTE COMPLETO DEL TERRENO | AI18: AREA TOTAL DE CONSTRUCCIÓN | AJ18: AREA PERMEABLE CALCULADO | AK18: ALTURA TOTAL DEL EDIFICIOO | AL18: NOMBRE DEL TRAMITE | AM18: EXPEDIENTE DE REFERENCIA
A19: 46190 | B19: ENTREGADO | D19: PROVIDENCIA | E19: CATASTRO | F19: D-08-0089-2025 | G19: 46168 | H19: RODAS OLIVA, VICTOR MANUEL | I19: 2613321470901 | K19: 8 | N19: 46190 | O19: MARLON IVAN CARRETO RIVERA | P19: 0.33333333 | Q19: 14.857862263345563, -91.53426681181618 | R19: 388695.354,1643169.175 | S19: URB-Q4 | T19: OFICIO EXTERNO A CATASTRO REPORTANDO AREA DE DE FINCA MATRIZ Y AREA DE FINCA NUEVA | U19: OFICIO EXTEERNO A ACATASTRO | V19: D-08-0089-2025 | W19: =B19 -> ENTREGADO | X19: =IF(C19="","",C19)
A20: 46190 | B20: ENTREGADO | D20: PROVIDENCIA | E20: IUSI | F20: A-07-0425-2026 | G20: 46182 | H20: MARROQUÍN RODAS, IRWIN WELINGTON | I20: 3148644150901 | J20: 5 CALLE 26-67 | K20: 7 | N20: 46190 | O20: MARLON IVAN CARRETOR RIVERA | P20: 0.38541667 | Q20: 14.853717139490382, -91.51889969438244 | R20: 390346.409,1642716.652 | S20: URB-Q4 | T20: SE REGULARIZO EXPEDIENTE ASI TAMBIEN SE MANDO OFICIO EXTERNO A IUSI | U20: REGULARIZACIÓN. | V20: RPNM7-5920626 | W20: =B20 -> ENTREGADO | X20: =IF(C20="","",C20) | AB20: 214451 | AC20: 299 | AD20: 434 | AF20: URB-Q4 | AG20: 91.2 | AH20: 7.35 | AI20: 80.23 | AJ20: 19.73 | AK20: 2.6
A21: 46190 | B21: PENDIENTE | C21: YA SE MANDO REGULARIZACIÓN, EN ESPERA PARA ENTREGAR | D21: PROVIDENCIA | E21: IUSI | F21: A-07-0425-2026 | G21: 46182 | H21: MARROQUÍN RODAS, IRWIN WELINGTON | I21: 3148644150901 | J21: 5 CALLE 26-67 | K21: 7 | N21: 46190 | O21: MARLON IVAN CARRETOR RIVERA | P21: 0.38541667 | Q21: 14.853717139490382, -91.51889969438244 | R21: 390346.409,1642716.652 | S21: URB-Q4 | T21: SE REGULARIZO EXPEDIENTE ASI TAMBIEN SE MANDO OFICIO EXTERNO A IUSI | U21: OFICIO EXTERNO A IUSI PENDIENTE …............. | V21: A-07-0425-2026 PENDIENTE ENTREGAAAAAA | W21: =B21 -> PENDIENTE | X21: =IF(C21="","",C21) -> YA SE MANDO REGULARIZACIÓN, EN ESPERA PARA ENTREGAR | AB21: 214451 | AC21: 299 | AD21: 434 | AF21: URB-Q4 | AG21: 91.2 | AH21: 7.35 | AI21: 80.23 | AJ21: 19.73 | AK21: 2.6
A22: 46190 | B22: PENDIENTE | C22: PRESENTAR 2DA HOJA DEL FORMULARIO RP | D22: REGULARIZACIÓN | E22: CONTROL DE OBRAS | F22: RPNP10-5860626 | G22: 46189 | H22: POROJ COJULUM, ERVIN ALEJANDRO | I22: 2602051090901 | J22: 6 CALLE 1-76 | K22: 10 | N22: 46190 | O22: MARLON IVAN CARRETOR RIVERA | P22: 0.4375 | Q22: 14.836089678697798, -91.53848261363565 | R22: 388248.571,1640791.868 | S22: URB-Q4 | T22: INFORME AL VECINO DEBIDO A QUE EXCEDE EL AREA INSPECCIONADA PERO AUN FALTA QUE TRAIGA UNA HOJA DEL FORMULARIO Y FOLEAR TODOOO | U22: INFORME EXTERNO A VECINO | V22: RPNP10-5860626 | W22: =B22 -> PENDIENTE | X22: =IF(C22="","",C22) -> PRESENTAR 2DA HOJA DEL FORMULARIO RP
A23: FECHA INSPECCIÓN | B23: ESTADO | C23: RAZON/FECHA_ENTREGA | D23: TRAMITE REQUERIDO | E23: DEPENDENCIA | F23: EXPENDIENTE | G23: FECHA INGRESO | H23: NOMBRE DEL PROPIETARIO | I23: DPI | J23: DIRECCIÓN | K23: ZONA | L23: COLONIA/CONDOMINIO | M23: CODIGO DEL INMUEBLE | N23: FECHA DE INSPECCIÓN | O23: INSPECTOR | P23: HORA INSPECCIÓN | Q23: LOCALIZACÍON GOOGLE MAPS | R23: LOCALIZACIÓN QGIS | S23: USO DE SUELO | T23: PROCESO? | U23: DOCUMENTO/TRAMITE CREADO | V23: EXPENDIENTE ENTREGADO | W23: ESTADO 1 | X23: FECHA DE ENTREGA | Y23: ESTADO 2 | Z23: FECHA DE ESTADO 1 | AB23: FINCA | AC23: FOLIO | AD23: LIBRO | AE23: AMBIENTE | AF23: USO DE SUELO | AG23: AREA DEL TERRNO | AH23: FRENTE COMPLETO DEL TERRENO | AI23: AREA TOTAL DE CONSTRUCCIÓN | AJ23: AREA PERMEABLE CALCULADO | AK23: ALTURA TOTAL DEL EDIFICIOO | AL23: NOMBRE DEL TRAMITE | AM23: EXPEDIENTE DE REFERENCIA
A24: 46192 | B24: ENTREGADO | C24: 46196 | D24: PROVIDENCIA | E24: IUSI | F24: 1411-2026 | G24: 46182 | H24: ALVARADO GONZÁLEZ, LEOPOLDO | I24: 1932229490918 | J24: 9 CALLE A, 0-41 | K24: 7 | L24: CONDOMINIO LOS SANTOS | M24: 178250 | N24: 46192 | O24: MARLON IVAN CARRETO RIVERA | P24: 0.33333333 | Q24: 14.860705442420667, -91.51355909913407 | R24: 390936.832,1643386.179 | S24: URB-Q4 | T24: OFICIO A IUSI ACTUALIZANDO AREA DE CONSTRUCCIÓN | U24: OFICIO EXTERNO A IUSI | W24: =B24 -> ENTREGADO | X24: =IF(C24="","",C24) -> 46196
A25: 46192 | B25: ENTREGADO | C25: 46195 | D25: PROVIDENCIA | E25: CATASTRO | F25: I-RCA80-1927-2025 | G25: 46063 | H25: COYOY CAHUEX, SERGIO | I25: 1606765090901 | J25: CHUICAVIOC | K25: RUR | N25: 46192 | O25: MARLON IVAN CARRETO RIVERA | P25: 0.4375 | Q25: 14.775344600790259, -91.52684723319679 | R25: 389458.60,1634051.79 | S25: RUR-CM | T25: OFICIO A CATASTRO DE CONSTRUCCIÓN INFORMAL | U25: OFICIO EXTERNO A CATASTRO | V25: I-RCA80-1927-2025 | W25: =B25 -> ENTREGADO | X25: =IF(C25="","",C25) -> 46195
A26: FECHA INSPECCIÓN | B26: ESTADO | C26: RAZON/FECHA_ENTREGA | D26: TRAMITE REQUERIDO | E26: DEPENDENCIA | F26: EXPENDIENTE | G26: FECHA INGRESO | H26: NOMBRE DEL PROPIETARIO | I26: DPI | J26: DIRECCIÓN | K26: ZONA | L26: COLONIA/CONDOMINIO | M26: CODIGO DEL INMUEBLE | N26: FECHA DE INSPECCIÓN | O26: INSPECTOR | P26: HORA INSPECCIÓN | Q26: LOCALIZACÍON GOOGLE MAPS | R26: LOCALIZACIÓN QGIS | S26: USO DE SUELO | T26: PROCESO? | U26: DOCUMENTO/TRAMITE CREADO | V26: EXPENDIENTE ENTREGADO | W26: ESTADO 1 | X26: FECHA DE ENTREGA | Y26: ESTADO 2 | Z26: FECHA DE ESTADO 1 | AB26: FINCA | AC26: FOLIO | AD26: LIBRO | AE26: AMBIENTE | AF26: USO DE SUELO | AG26: AREA DEL TERRNO | AH26: FRENTE COMPLETO DEL TERRENO | AI26: AREA TOTAL DE CONSTRUCCIÓN | AJ26: AREA PERMEABLE CALCULADO | AK26: ALTURA TOTAL DEL EDIFICIOO | AL26: NOMBRE DEL TRAMITE | AM26: EXPEDIENTE DE REFERENCIA
A27: 23//6/26 | B27: PENDIENTE | D27: PROVIDENCIA | E27: IUSI | F27: A-08-0322-2026 | G27: 46174 | H27: OROZCO SANTOS, MARÍA HAIDEE | I27: 2154418420901 | J27: DIAGONAL 2 0-80A INTERIOR | K27: 8 | N27: 46196 | O27: MARLON IVAN CARRETO RIVERA | P27: 0.33333333 | Q27: 14.859414117679588, -91.53038067494124 | R27: 389129.000,1643365.446 | S27: URB-Q4 | W27: =B27 -> PENDIENTE | X27: =IF(C27="","",C27)
A28: 23//6/26 | B28: PENDIENTE | W28: =B28 -> PENDIENTE | X28: =IF(C28="","",C28)
A29: 23//6/26 | B29: PENDIENTE | W29: =B29 -> PENDIENTE | X29: =IF(C29="","",C29)

Sheet INFORME
A1: CONTROL INDIVIDUAL DE EXPEDIENTES JUNIO 2026
A2: NO. | C2: INGRESO EXPEDIENTE | D2: EXPEDIENTE | E2: PROPIETARIO SEGÚN SOLVENCIA | F2: DIRECCION SEGÚN SOLVENCIA | G2: ZONA | I2: FECHA DE INSPECCIÓN | J2: FECHA ENTREGA PARA REVISION | K2: OBSERVACIONES O NOTAS IMPORTANTES
A3: 1 | B3: =Hoja1!B3 -> ENTREGADO | C3: =Hoja1!G3 -> 46071 | D3: =Hoja1!F3 -> R-03-0023-2026 | E3: =Hoja1!H3 -> LAM, LUZ MARIA DEL ROSARIO MIGUEZ AGUILAR DE | F3: =Hoja1!J3 -> 0 | G3: =Hoja1!K3 -> 0 | H3: =Hoja1!L3 -> 0 | I3: =Hoja1!N3 -> 0 | J3: =Hoja1!X3 | K3: =Hoja1!T3 -> INFORME AL VECINO PARA RESOLUCIÓN DEL MEDIO AMBIENTE
A4: =A3+1 -> 2 | B4: =Hoja1!B4 -> PENDIENTE | C4: =Hoja1!G4 -> 46168 | D4: =Hoja1!F4 -> RPNR10-5110526 | E4: =Hoja1!H4 -> RODAS SOTO, OSCAR ARTURO | F4: =Hoja1!J4 -> AVENIDA LAS AMERICAS C9A-30 | G4: =Hoja1!K4 -> 10 | H4: =Hoja1!L4 -> 0 | I4: =Hoja1!N4 -> 46170 | J4: =Hoja1!X4 | K4: =Hoja1!T4 -> PENDIENTE TRAER LA RESOLUCIÓN DEL MEDIO AMBIENTE DE BODEGA
A5: =A4+1 -> 3 | B5: =Hoja1!B5 -> PENDIENTE | C5: =Hoja1!G5 -> 46093 | D5: =Hoja1!F5 -> I-05-0232-2026 | E5: =Hoja1!H5 -> DE LEÓN YANI, EDWIN HAROLDO | F5: =Hoja1!J5 -> 0 | G5: =Hoja1!K5 -> 5 | H5: =Hoja1!L5 -> 0 | I5: =Hoja1!N5 -> 46178 | J5: =Hoja1!X5 | K5: =Hoja1!T5 -> PENDIENTE TRAER LA RESOLUCIÓN DEL MEDIO AMBIENTE PORQUE ES COMERCIO
A6: =A5+1 -> 4 | B6: =Hoja1!B6 -> ESTADO | C6: =Hoja1!G6 -> FECHA INGRESO | D6: =Hoja1!F6 -> EXPENDIENTE | E6: =Hoja1!H6 -> NOMBRE DEL PROPIETARIO | F6: =Hoja1!J6 -> DIRECCIÓN | G6: =Hoja1!K6 -> ZONA | H6: =Hoja1!L6 -> COLONIA/CONDOMINIO | I6: =Hoja1!N6 -> FECHA DE INSPECCIÓN | J6: =Hoja1!X6 -> FECHA DE ENTREGA | K6: =Hoja1!T6 -> PROCESO?
A7: =A6+1 -> 5 | B7: =Hoja1!B7 -> ENTREGADO | C7: =Hoja1!G7 -> 46181 | D7: =Hoja1!F7 -> ANTND10-1500626 | E7: =Hoja1!H7 -> DIAZ MENCHO, ARTEMIO | F7: =Hoja1!J7 -> CALLEJON 10 8A 0-19 | G7: =Hoja1!K7 -> 10 | H7: =Hoja1!L7 -> 0 | I7: =Hoja1!N7 -> 46182 | J7: =Hoja1!X7 | K7: =Hoja1!T7 -> INFORME EXTERNO A VECINO PARA RESOLUCION MEDIO AMBIENTE POR COMERCIO
A8: =A7+1 -> 6 | B8: =Hoja1!B8 -> PENDIENTE | C8: =Hoja1!G8 -> 46066 | D8: =Hoja1!F8 -> I-13-1172-2022 | E8: =Hoja1!H8 -> MORALES RIVERA, MANOLO | F8: =Hoja1!J8 -> CANTON CHICHIGUITAN | G8: =Hoja1!K8 -> RUR | H8: =Hoja1!L8 -> 0 | I8: =Hoja1!N8 -> 46182 | J8: =Hoja1!X8 | K8: =Hoja1!T8 -> REGULARIZACÓN
A9: =A8+1 -> 7 | B9: =Hoja1!B9 -> PENDIENTE | C9: =Hoja1!G9 -> 46181 | D9: =Hoja1!F9 -> DMNG5-100626 | E9: =Hoja1!H9 -> GOMEZ, SHIRLY MARITZABETH VILLAGRAN AGUILAR DE | F9: =Hoja1!J9 -> 5 AV. 1-23 | G9: =Hoja1!K9 -> 5 | H9: =Hoja1!L9 -> COLINIA MOLINA | I9: =Hoja1!N9 -> 46182 | J9: =Hoja1!X9 | K9: =Hoja1!T9 -> DEMOLICIÓN
A10: =A9+1 -> 8 | B10: =Hoja1!B10 -> ESTADO | C10: =Hoja1!G10 -> FECHA INGRESO | D10: =Hoja1!F10 -> EXPENDIENTE | E10: =Hoja1!H10 -> NOMBRE DEL PROPIETARIO | F10: =Hoja1!J10 -> DIRECCIÓN | G10: =Hoja1!K10 -> ZONA | H10: =Hoja1!L10 -> COLONIA/CONDOMINIO | I10: =Hoja1!N10 -> FECHA DE INSPECCIÓN | J10: =Hoja1!X10 -> FECHA DE ENTREGA | K10: =Hoja1!T10 -> PROCESO?
A11: =A10+1 -> 9 | B11: =Hoja1!B11 -> PENDIENTE | C11: =Hoja1!G11 -> 46183 | D11: =Hoja1!F11 -> RPNG6-5990626 | E11: =Hoja1!H11 -> GRAVE HERNANDEZ, GENARO | F11: =Hoja1!J11 -> DIAGONAL 10, C14-82 | G11: =Hoja1!K11 -> 6 | H11: =Hoja1!L11 -> 0 | I11: =Hoja1!N11 -> 46184 | J11: =Hoja1!X11 | K11: =Hoja1!T11 -> 0
A12: =A11+1 -> 10 | B12: =Hoja1!B12 -> PENDIENTE | C12: =Hoja1!G12 -> 46183 | D12: =Hoja1!F12 -> RPNP8-5980626 | E12: =Hoja1!H12 -> PEREZ UTUY, MIGUEL JOSE | F12: =Hoja1!J12 -> 4 CALLE 38-79A | G12: =Hoja1!K12 -> 8 | H12: =Hoja1!L12 -> 0 | I12: =Hoja1!N12 -> 46184 | J12: =Hoja1!X12 | K12: =Hoja1!T12 -> 0
A13: =A12+1 -> 11 | B13: =Hoja1!B13 -> ESTADO | C13: =Hoja1!G13 -> FECHA INGRESO | D13: =Hoja1!F13 -> EXPENDIENTE | E13: =Hoja1!H13 -> NOMBRE DEL PROPIETARIO | F13: =Hoja1!J13 -> DIRECCIÓN | G13: =Hoja1!K13 -> ZONA | H13: =Hoja1!L13 -> COLONIA/CONDOMINIO | I13: =Hoja1!N13 -> FECHA DE INSPECCIÓN | J13: =Hoja1!X13 -> FECHA DE ENTREGA | K13: =Hoja1!T13 -> PROCESO?
A14: =A13+1 -> 12 | B14: =Hoja1!B14 -> ENTREGADO | C14: =Hoja1!G14 -> 45912 | D14: =Hoja1!F14 -> A-RCA70-0707-2025 | E14: =Hoja1!H14 -> MORALES HERNÁNDEZ, WILLIAM AMADO | F14: =Hoja1!J14 -> CHICHIGUITAN | G14: =Hoja1!K14 -> RUR | H14: =Hoja1!L14 -> CIUDAD VERDE | I14: =Hoja1!N14 -> 46188 | J14: =Hoja1!X14 | K14: =Hoja1!T14 -> INFORME EXTERNO A IUSI, ACTUALIZACIÓN DE AREA
A15: =A14+1 -> 13 | B15: =Hoja1!B15 -> ENTREGADO | C15: =Hoja1!G15 -> 45912 | D15: =Hoja1!F15 -> A-RCA70-0671-2025 | E15: =Hoja1!H15 -> CHAJCHALAC CITALÁN, MARLYN MAYARY | F15: =Hoja1!J15 -> CHICHIGUITAN | G15: =Hoja1!K15 -> RUR | H15: =Hoja1!L15 -> CIUDAD VERDE | I15: =Hoja1!N15 -> 46188 | J15: =Hoja1!X15 | K15: =Hoja1!T15 -> INFORME EXTERNO A IUSI, ACTUALIZACIÓN DE AREA
... A22: =A21+1 -> 20 | B22: =Hoja1!B22 -> PENDIENTE | C22: =Hoja1!G22 -> 46189 | D22: =Hoja1!F22 -> RPNP10-5860626 | E22: =Hoja1!H22 -> POROJ COJULUM, ERVIN ALEJANDRO | F22: =Hoja1!J22 -> 6 CALLE 1-76 | G22: =Hoja1!K22 -> 10 | H22: =Hoja1!L22 -> 0 | I22: =Hoja1!N22 -> 46190 | J22: =Hoja1!X22 -> PRESENTAR 2DA HOJA DEL FORMULARIO RP | K22: =Hoja1!T22 -> INFORME AL VECINO DEBIDO A QUE EXCEDE EL AREA INSPECCIONADA PERO AUN FALTA QUE TRAIGA UNA HOJA DEL FORMULARIO Y FOLEAR TODOOO
B23: =Hoja1!B23 -> ESTADO | C23: =Hoja1!G23 -> FECHA INGRESO | D23: =Hoja1!F23 -> EXPENDIENTE | E23: =Hoja1!H23 -> NOMBRE DEL PROPIETARIO | F23: =Hoja1!J23 -> DIRECCIÓN | G23: =Hoja1!K23 -> ZONA | H23: =Hoja1!L23 -> COLONIA/CONDOMINIO | I23: =Hoja1!N23 -> FECHA DE INSPECCIÓN | J23: =Hoja1!X23 -> FECHA DE ENTREGA | K23: =Hoja1!T23 -> PROCESO?
B24: =Hoja1!B24 -> ENTREGADO | C24: =Hoja1!G24 -> 46182 | D24: =Hoja1!F24 -> 1411-2026 | E24: =Hoja1!H24 -> ALVARADO GONZÁLEZ, LEOPOLDO | F24: =Hoja1!J24 -> 9 CALLE A, 0-41 | G24: =Hoja1!K24 -> 7 | H24: =Hoja1!L24 -> CONDOMINIO LOS SANTOS | I24: =Hoja1!N24 -> 46192 | J24: =Hoja1!X24 -> 46196 | K24: =Hoja1!T24 -> OFICIO A IUSI ACTUALIZANDO AREA DE CONSTRUCCIÓN
B25: =Hoja1!B25 -> ENTREGADO | C25: =Hoja1!G25 -> 46063 | D25: =Hoja1!F25 -> I-RCA80-1927-2025 | E25: =Hoja1!H25 -> COYOY CAHUEX, SERGIO | F25: =Hoja1!J25 -> CHUICAVIOC | G25: =Hoja1!K25 -> RUR | H25: =Hoja1!L25 -> 0 | I25: =Hoja1!N25 -> 46192 | J25: =Hoja1!X25 -> 46195 | K25: =Hoja1!T25 -> OFICIO A CATASTRO DE CONSTRUCCIÓN INFORMAL
B26: =Hoja1!B26 -> ESTADO | C26: =Hoja1!G26 -> FECHA INGRESO | D26: =Hoja1!F26 -> EXPENDIENTE | E26: =Hoja1!H26 -> NOMBRE DEL PROPIETARIO | F26: =Hoja1!J26 -> DIRECCIÓN | G26: =Hoja1!K26 -> ZONA | H26: =Hoja1!L26 -> COLONIA/CONDOMINIO | I26: =Hoja1!N26 -> FECHA DE INSPECCIÓN | J26: =Hoja1!X26 -> FECHA DE ENTREGA | K26: =Hoja1!T26 -> PROCESO?
B27: =Hoja1!B27 -> PENDIENTE | C27: =Hoja1!G27 -> 46174 | D27: =Hoja1!F27 -> A-08-0322-2026 | E27: =Hoja1!H27 -> OROZCO SANTOS, MARÍA HAIDEE | F27: =Hoja1!J27 -> DIAGONAL 2 0-80A INTERIOR | G27: =Hoja1!K27 -> 8 | H27: =Hoja1!L27 -> 0 | I27: =Hoja1!N27 -> 46196 | J27: =Hoja1!X27 | K27: =Hoja1!T27 -> 0
B28: =Hoja1!B29 -> PENDIENTE | C28: =Hoja1!G29 -> 0 | D28: =Hoja1!F29 -> 0 | E28: =Hoja1!H29 -> 0 | F28: =Hoja1!J29 -> 0 | G28: =Hoja1!K29 -> 0 | I28: =Hoja1!N29 -> 0 | J28: =Hoja1!X29 | K28: =Hoja1!T29 -> 0
B29: =Hoja1!B30 -> 0 | C29: =Hoja1!G30 -> 0 | D29: =Hoja1!F30 -> 0 | E29: =Hoja1!H30 -> 0 | F29: =Hoja1!J30 -> 0 | G29: =Hoja1!K30 -> 0 | I29: =Hoja1!N30 -> 0 | J29: =Hoja1!X30 -> 0 | K29: =Hoja1!T30 -> 0
B30: =Hoja1!B31 -> 0 | C30: =Hoja1!G31 -> 0 | D30: =Hoja1!F31 -> 0 | E30: =Hoja1!H31 -> 0 | F30: =Hoja1!J31 -> 0 | G30: =Hoja1!K31 -> 0 | I30: =Hoja1!N31 -> 0 | J30: =Hoja1!X31 -> 0 | K30: =Hoja1!T31 -> 0
B31: =Hoja1!B32 -> 0 | C31: =Hoja1!G32 -> 0 | D31: =Hoja1!F32 -> 0 | E31: =Hoja1!H32 -> 0 | F31: =Hoja1!J32 -> 0 | G31: =Hoja1!K32 -> 0 | I31: =Hoja1!N32 -> 0 | J31: =Hoja1!X32 -> 0 | K31: =Hoja1!T32 -> 0
B32: =Hoja1!B33 -> 0 | C32: =Hoja1!G33 -> 0 | D32: =Hoja1!F33 -> 0 | E32: =Hoja1!H33 -> 0 | F32: =Hoja1!J33 -> 0 | G32: =Hoja1!K33 -> 0 | I32: =Hoja1!N33 -> 0 | J32: =Hoja1!X33 -> 0 | K32: =Hoja1!T33 -> 0
B33: =Hoja1!B34 -> 0 | C33: =Hoja1!G34 -> 0 | D33: =Hoja1!F34 -> 0 | E33: =Hoja1!H34 -> 0 | F33: =Hoja1!J34 -> 0 | G33: =Hoja1!K34 -> 0 | I33: =Hoja1!N34 -> 0 | J33: =Hoja1!X34 -> 0 | K33: =Hoja1!T34 -> 0
B34: =Hoja1!B35 -> 0 | C34: =Hoja1!G35 -> 0 | D34: =Hoja1!F35 -> 0 | E34: =Hoja1!H35 -> 0 | F34: =Hoja1!J35 -> 0 | G34: =Hoja1!K35 -> 0 | I34: =Hoja1!N35 -> 0 | J34: =Hoja1!X35 -> 0 | K34: =Hoja1!T35 -> 0
B35: =Hoja1!B36 -> 0 | C35: =Hoja1!G36 -> 0 | D35: =Hoja1!F36 -> 0 | E35: =Hoja1!H36 -> 0 | F35: =Hoja1!J36 -> 0 | G35: =Hoja1!K36 -> 0 | I35: =Hoja1!N36 -> 0 | J35: =Hoja1!X36 -> 0 | K35: =Hoja1!T36 -> 0

Sheet INSPECCIÓN
A1: CONTROL INDIVIDUAL DE INSPECCIONES JUNIO 2026
A2: NO. | B2: EXPEDIENTE | C2: PROPIETARIO SEGÚN SOLVENCIA | D2: DIRECCION SEGÚN SOLVENCIA | E2: ZONA | F2: COLONIA / CONDOMINIO | G2: FECHA DE INSPECCION
A3: 1 | B3: ANTNR3-1410526 | C3: ARLENI LUDMILA RODRIGUEZ HERRERA DE LEON | D3: 14 CALLE 14-24 | E3: 3 | G3: 46174
A4: 2 | B4: VUNI10-1560526 | C4: ALAN EDUARDO SACOR BARRIOS | D4: 0 CALLE. 7-53J INTERIOR | E4: 10 | G4: 46174
A5: 4 | B5: A-10-1291-2025 | C5: JOSE CHAY | D5: CALLEJON5, 5-6 INTERIOR | E5: 10 | G5: 46176
A6: 5 | B6: A-10-0429-2026 | C6: GABINO ANASTACIO RACANCOJ CHAN | D6: 1 AVENIDA 7-19 INTERIOR | E6: 10 | G6: 46176
A7: 6 | B7: R-05-0119-2026 | C7: OSCAR OSBERTO ALVARADO PÉREZ | D7: 3RA CALLE 5-04, LA COLINA | G7: 46176
A8: 7 | B8: RPNTR-5510626 | C8: CAMILA APOLONIA MONROY TZOC | D8: CANTON XECARACOJ | E8: RUR | G8: 46178
A9: 8 | B9: I-05-0232-2026 | C9: EDWIN HAROLDO DE LEON YANI | D9: 11 CALLE 5-37 | E9: 5 | G9: 46178
A10: 12 | B10: =Hoja1!F7 -> ANTND10-1500626 | C10: =Hoja1!H7 -> DIAZ MENCHO, ARTEMIO | D10: =Hoja1!J7 -> CALLEJON 10 8A 0-19 | E10: =Hoja1!K7 -> 10 | F10: =Hoja1!L7 -> 0 | G10: =Hoja1!N7 -> 46182
A11: 13 | B11: =Hoja1!F8 -> I-13-1172-2022 | C11: =Hoja1!H8 -> MORALES RIVERA, MANOLO | D11: =Hoja1!J8 -> CANTON CHICHIGUITAN | E11: =Hoja1!K8 -> RUR | F11: =Hoja1!L8 -> 0 | G11: =Hoja1!N8 -> 46182
A12: 14 | B12: =Hoja1!F9 -> DMNG5-100626 | C12: =Hoja1!H9 -> GOMEZ, SHIRLY MARITZABETH VILLAGRAN AGUILAR DE | D12: =Hoja1!J9 -> 5 AV. 1-23 | E12: =Hoja1!K9 -> 5 | F12: =Hoja1!L9 -> COLINIA MOLINA | G12: =Hoja1!N9 -> 46182
A13: 15 | B13: =Hoja1!F11 -> RPNG6-5990626 | C13: =Hoja1!H11 -> GRAVE HERNANDEZ, GENARO | D13: =Hoja1!J11 -> DIAGONAL 10, C14-82 | E13: =Hoja1!K11 -> 6 | F13: =Hoja1!L11 -> 0 | G13: =Hoja1!N11 -> 46184
A14: 16 | B14: =Hoja1!F12 -> RPNP8-5980626 | C14: =Hoja1!H12 -> PEREZ UTUY, MIGUEL JOSE | D14: =Hoja1!J12 -> 4 CALLE 38-79A | E14: =Hoja1!K12 -> 8 | F14: =Hoja1!L12 -> 0 | G14: =Hoja1!N12 -> 46184
A15: 17 | B15: =Hoja1!F14 -> A-RCA70-0707-2025 | C15: =Hoja1!H14 -> MORALES HERNÁNDEZ, WILLIAM AMADO | D15: =Hoja1!J14 -> CHICHIGUITAN | E15: =Hoja1!K14 -> RUR | F15: =Hoja1!L14 -> CIUDAD VERDE | G15: =Hoja1!N14 -> 46188
A16: 18 | B16: =Hoja1!F15 -> A-RCA70-0671-2025 | C16: =Hoja1!H15 -> CHAJCHALAC CITALÁN, MARLYN MAYARY | D16: =Hoja1!J15 -> CHICHIGUITAN | E16: =Hoja1!K15 -> RUR | F16: =Hoja1!L15 -> CIUDAD VERDE | G16: =Hoja1!N15 -> 46188
A17: 19 | B17: =Hoja1!F16 -> A-RCA70-0819-2025 | C17: =Hoja1!H16 -> CARRILLO BATEN, ERVIN BENJAMÍN | D17: =Hoja1!J16 -> CHICHIGUITAN | E17: =Hoja1!K16 -> RUR | F17: =Hoja1!L16 -> CIUDAD VERDE | G17: =Hoja1!N16 -> 46188
A18: 20 | B18: =Hoja1!F17 -> JAM-J-570-2026 | C18: =Hoja1!H17 -> CAJAS ITZEP, RAFAEL SALVADOR | D18: =Hoja1!J17 -> 8 AVENIDA 0-10 | E18: =Hoja1!K17 -> 1 | F18: =Hoja1!L17 -> 0 | G18: =Hoja1!N17 -> 46135
A19: 21 | B19: =Hoja1!F18 -> EXPENDIENTE | C19: =Hoja1!H18 -> NOMBRE DEL PROPIETARIO | D19: =Hoja1!J18 -> DIRECCIÓN | E19: =Hoja1!K18 -> ZONA | F19: =Hoja1!L18 -> COLONIA/CONDOMINIO | G19: =Hoja1!N18 -> FECHA DE INSPECCIÓN
A20: 22 | B20: =Hoja1!F19 -> D-08-0089-2025 | C20: =Hoja1!H19 -> RODAS OLIVA, VICTOR MANUEL | D20: =Hoja1!J19 -> 0 | E20: =Hoja1!K19 -> 8 | F20: =Hoja1!L19 -> 0 | G20: =Hoja1!N19 -> 46190
A21: 23 | B21: =Hoja1!F20 -> A-07-0425-2026 | C21: =Hoja1!H20 -> MARROQUÍN RODAS, IRWIN WELINGTON | D21: =Hoja1!J20 -> 5 CALLE 26-67 | E21: =Hoja1!K20 -> 7 | F21: =Hoja1!L20 -> 0 | G21: =Hoja1!N20 -> 46190
A22: 24 | B22: =Hoja1!F21 -> A-07-0425-2026 | C22: =Hoja1!H21 -> MARROQUÍN RODAS, IRWIN WELINGTON | D22: =Hoja1!J21 -> 5 CALLE 26-67 | E22: =Hoja1!K21 -> 7 | F22: =Hoja1!L21 -> 0 | G22: =Hoja1!N21 -> 46190
A23: 25 | B23: =Hoja1!F22 -> RPNP10-5860626 | C23: =Hoja1!H22 -> POROJ COJULUM, ERVIN ALEJANDRO | D23: =Hoja1!J22 -> 6 CALLE 1-76 | E23: =Hoja1!K22 -> 10 | F23: =Hoja1!L22 -> 0 | G23: =Hoja1!N22 -> 46190
A24: 26 | B24: =Hoja1!F23 -> EXPENDIENTE | C24: =Hoja1!H23 -> NOMBRE DEL PROPIETARIO | D24: =Hoja1!J23 -> DIRECCIÓN | E24: =Hoja1!K23 -> ZONA | F24: =Hoja1!L23 -> COLONIA/CONDOMINIO | G24: =Hoja1!N23 -> FECHA DE INSPECCIÓN
A25: 27 | B25: =Hoja1!F24 -> 1411-2026 | C25: =Hoja1!H24 -> ALVARADO GONZÁLEZ, LEOPOLDO | D25: =Hoja1!J24 -> 9 CALLE A, 0-41 | E25: =Hoja1!K24 -> 7 | F25: =Hoja1!L24 -> CONDOMINIO LOS SANTOS | G25: =Hoja1!N24 -> 46192
A26: 28 | B26: =Hoja1!F25 -> I-RCA80-1927-2025 | C26: =Hoja1!H25 -> COYOY CAHUEX, SERGIO | D26: =Hoja1!J25 -> CHUICAVIOC | E26: =Hoja1!K25 -> RUR | F26: =Hoja1!L25 -> 0 | G26: =Hoja1!N25 -> 46192
... A32: 34 | B32: =Hoja1!F31 -> 0 | C32: =Hoja1!H31 -> 0 | D32: =Hoja1!J31 -> 0 | E32: =Hoja1!K31 -> 0 | F32: =Hoja1!L31 -> 0 | G32: =Hoja1!N31 -> 0

Sheet TABLAS
B2: PENDIENTE
B3: ENTREGADO
