Workbook

Sheet Parametros
B4: 4. Demanda Sísmica y Condiciones de Sitio
B6: Categoría Operativa: Puente "Normal" (período de retorno de 1,000 años)
B7: Perfil de Suelo: Tipo D (Perfil de suelo rígido)
B8: Espectro de Diseño
B10: Parámetro | C10: Valor | D10: Unidad | E10: Descripción
B11: PGA | C11: 0.5 | D11: g | E11: Aceleración pico en roca
B12: Sₛ | C12: 1.25 | D12: g | E12: Aceleración espectral a 0.2s
B13: S₁ | C13: 0.5 | D13: g | E13: Aceleración espectral a 1.0s
B14: F₍PGA₎ | C14: 1 | D14: - | E14: Factor de sitio para PGA (Suelo D)
B15: Fₐ | C15: 1 | D15: - | E15: Factor de sitio para Ss (Suelo D)
B16: Fᵥ | C16: 1.5 | D16: - | E16: Factor de sitio para S1 (Suelo D)
B17: Aₛ | C17: 0.5 | D17: g | E17: Punto inicial: F_PGA * PGA
B18: S_DS | C18: 1.25 | D18: g | E18: Meseta corta: F_a * Ss
B19: S_D1 | C19: 0.75 | D19: g | E19: Caída a 1s: F_v * S1
B20: Tₛ | C20: 0.6 | D20: s | E20: Período de transición: SD1 / SDS
B21: T₀ | C21: 0.12 | D21: s | E21: Período inicial: 0.2 * Ts

Sheet Espectro AASHTO
A1: Período T (s) | B1: Csm (g)
A2: 0 | B2: =IF(A2<Parametros!$C$21,Parametros!$C$17+(Parametros!$C$18-Parametros!$C$17)*(A2/Parametros!$C$21),IF(A2<=Parametros!$C$20,Parametros!$C$18,Parametros!$C$19/A2)) -> 0.5
A3: 0.05 | B3: =IF(A3<Parametros!$C$21,Parametros!$C$17+(Parametros!$C$18-Parametros!$C$17)*(A3/Parametros!$C$21),IF(A3<=Parametros!$C$20,Parametros!$C$18,Parametros!$C$19/A3)) -> 0.8125
A4: 0.1 | B4: =IF(A4<Parametros!$C$21,Parametros!$C$17+(Parametros!$C$18-Parametros!$C$17)*(A4/Parametros!$C$21),IF(A4<=Parametros!$C$20,Parametros!$C$18,Parametros!$C$19/A4)) -> 1.125
A5: 0.15 | B5: =IF(A5<Parametros!$C$21,Parametros!$C$17+(Parametros!$C$18-Parametros!$C$17)*(A5/Parametros!$C$21),IF(A5<=Parametros!$C$20,Parametros!$C$18,Parametros!$C$19/A5)) -> 1.25
A6: 0.2 | B6: =IF(A6<Parametros!$C$21,Parametros!$C$17+(Parametros!$C$18-Parametros!$C$17)*(A6/Parametros!$C$21),IF(A6<=Parametros!$C$20,Parametros!$C$18,Parametros!$C$19/A6)) -> 1.25
A7: 0.25 | B7: =IF(A7<Parametros!$C$21,Parametros!$C$17+(Parametros!$C$18-Parametros!$C$17)*(A7/Parametros!$C$21),IF(A7<=Parametros!$C$20,Parametros!$C$18,Parametros!$C$19/A7)) -> 1.25
A8: 0.3 | B8: =IF(A8<Parametros!$C$21,Parametros!$C$17+(Parametros!$C$18-Parametros!$C$17)*(A8/Parametros!$C$21),IF(A8<=Parametros!$C$20,Parametros!$C$18,Parametros!$C$19/A8)) -> 1.25
A9: 0.35 | B9: =IF(A9<Parametros!$C$21,Parametros!$C$17+(Parametros!$C$18-Parametros!$C$17)*(A9/Parametros!$C$21),IF(A9<=Parametros!$C$20,Parametros!$C$18,Parametros!$C$19/A9)) -> 1.25
A10: 0.4 | B10: =IF(A10<Parametros!$C$21,Parametros!$C$17+(Parametros!$C$18-Parametros!$C$17)*(A10/Parametros!$C$21),IF(A10<=Parametros!$C$20,Parametros!$C$18,Parametros!$C$19/A10)) -> 1.25
A11: 0.45 | B11: =IF(A11<Parametros!$C$21,Parametros!$C$17+(Parametros!$C$18-Parametros!$C$17)*(A11/Parametros!$C$21),IF(A11<=Parametros!$C$20,Parametros!$C$18,Parametros!$C$19/A11)) -> 1.25
A12: 0.5 | B12: =IF(A12<Parametros!$C$21,Parametros!$C$17+(Parametros!$C$18-Parametros!$C$17)*(A12/Parametros!$C$21),IF(A12<=Parametros!$C$20,Parametros!$C$18,Parametros!$C$19/A12)) -> 1.25
A13: 0.55 | B13: =IF(A13<Parametros!$C$21,Parametros!$C$17+(Parametros!$C$18-Parametros!$C$17)*(A13/Parametros!$C$21),IF(A13<=Parametros!$C$20,Parametros!$C$18,Parametros!$C$19/A13)) -> 1.25
... A62: 3 | B62: =IF(A62<Parametros!$C$21,Parametros!$C$17+(Parametros!$C$18-Parametros!$C$17)*(A62/Parametros!$C$21),IF(A62<=Parametros!$C$20,Parametros!$C$18,Parametros!$C$19/A62)) -> 0.25
